<?xml version="1.0" encoding="UTF-8" standalone="yes"?>
<miniAppDescriptor xmlns:xsi="http://www.w3.org/2001/XMLSchema-instance" serviceName="Shine" xsi:noNamespaceSchemaLocation="http://com.hp.ee.server.descriptor/">
    <apiVersion>1.0</apiVersion>
    <miniAppVersion>1.0.0</miniAppVersion>
    <vendorId>HP</vendorId>
    <connectionDetails>
        <miniAppRootContext>Shine-web</miniAppRootContext>
    </connectionDetails>
    <webResources>
        <webResource>
            <formFactor>DESKTOP</formFactor>
            <jsNames>
                <jsName>libs/angular.js</jsName>
                <jsName>app/common/js/main.js</jsName>
                <jsName>app/common/js/controllers/workspace.js</jsName>
                <jsName>app.js</jsName>
            </jsNames>
            <cssNames>
                <cssName>app/common/css/app.css</cssName>
            </cssNames>
            <iconResource>images/common/default-app.png</iconResource>
        </webResource>
        <webResource>
            <formFactor>SMARTPHONE</formFactor>
            <jsNames>
                <jsName>libs/angular.js</jsName>
                <jsName>app/common/js/main.js</jsName>
                <jsName>app/common/js/controllers/workspace.js</jsName>
                <jsName>app.js</jsName>
            </jsNames>
            <cssNames>
                <cssName>app/common/css/app.css</cssName>
            </cssNames>
            <iconResource>images/common/default-app.png</iconResource>
        </webResource>
        <webResource>
            <formFactor>TABLET</formFactor>
            <jsNames>
                <jsName>libs/angular.js</jsName>
                <jsName>app/common/js/main.js</jsName>
                <jsName>app/common/js/controllers/workspace.js</jsName>
                <jsName>app.js</jsName>
            </jsNames>
            <cssNames>
                <cssName>app/common/css/app.css</cssName>
            </cssNames>
            <iconResource>images/common/default-app.png</iconResource>
        </webResource>
    </webResources>
    <hasSummaryData>true</hasSummaryData>
</miniAppDescriptor>
